id,packageName,sentence1,sentence2,label
1,149_Peachat - Live Video Chat,"b'To help deliver personalized advertising, we may provide these service providers with a hashed, anonymized version of your personal information in a non-human-readable form and content that you share publicly on the Services.'","b'You should not share your password with any third party, and if you believe your password or account has been compromised, you should change it immediately and contact customerdesk@peachat.mobi with any concerns.'",0
2,149_Peachat - Live Video Chat,"b'To help deliver personalized advertising, we may provide these service providers with a hashed, anonymized version of your personal information in a non-human-readable form and content that you share publicly on the Services.||These service providers may access your personal data and are required to use it solely as we direct, to provide our requested service.'","b'You should not share your password with any third party, and if you believe your password or account has been compromised, you should change it immediately and contact customerdesk@peachat.mobi with any concerns.'",0
3,125_My Family - Family Locator,"b'We may, and you hereby authorize us to, disclose your Personal Information (including messages) to a third party without your consent: if we have reason to believe that disclosing this information is necessary to identify, contact or bring legal action against someone who may be causing injury to or interference with (either intentionally or unintentionally) our rights or property, other website users, or anyone else (including the rights or property of anyone else) that could be harmed by such activities, in connection with any legal investigation, when we believe in good faith that such disclosure is required by and in accordance with the law or to respond to subpoenas or warrants served on Family Locator, to any third party with your prior consent to do so.||Except for the limited disclosures described in this Privacy Policy, we do not sell customer lists or any personal information to third parties, and we will take all possible measures to keep your email address private to keep your email address private.'",b'We will not share any Personal Data with third-parties for their direct marketing purposes to the extent prohibited by California law.',0
4,125_My Family - Family Locator,"b'If you turn off location sharing we will not share your location with your family members; however, while you are logged in to your account, we will continue to collect your location information in order to provide the Family Locator Service (for example, to provide the Family Locator Services or to share your location with the members you allow to see your location).'","b'We may, and you hereby authorize us to, disclose your Personal Information (including messages) to a third party without your consent: if we have reason to believe that disclosing this information is necessary to identify, contact or bring legal action against someone who may be causing injury to or interference with (either intentionally or unintentionally) our rights or property, other website users, or anyone else (including the rights or property of anyone else) that could be harmed by such activities, in connection with any legal investigation, when we believe in good faith that such disclosure is required by and in accordance with the law or to respond to subpoenas or warrants served on Family Locator, to any third party with your prior consent to do so.||Except for the limited disclosures described in this Privacy Policy, we do not sell customer lists or any personal information to third parties, and we will take all possible measures to keep your email address private to keep your email address private.'",0
5,125_My Family - Family Locator,b'We will not share any Personal Data with third-parties for their direct marketing purposes to the extent prohibited by California law.',"b'When you use the Family Locator Service, we and our business partners may collect certain information about your computer or device through technology such as cookies, web beacons, log files, or other tracking/recording tools.'",0
6,125_My Family - Family Locator,"b'If you turn off location sharing we will not share your location with your family members; however, while you are logged in to your account, we will continue to collect your location information in order to provide the Family Locator Service (for example, to provide the Family Locator Services or to share your location with the members you allow to see your location).'","b'When you use the Family Locator Service, we and our business partners may collect certain information about your computer or device through technology such as cookies, web beacons, log files, or other tracking/recording tools.'",0
7,125_My Family - Family Locator,b"The child's personal information will be shared with other members of the family account.",b'We will not share any Personal Data with third-parties for their direct marketing purposes to the extent prohibited by California law.',0
20,111_Pandora - Music & Podcasts,b'Sirius XM does not sell personal data to third parties for monetary compensation.',"b'We may share data that has been aggregated, de-identified, or pseudonymized or Device Data, and general location information with advertising companies, analytics providers, and attribution and measurement vendors, including for the purpose of serving you more relevant ads on and off the Services.'",1
9,5_ChatGPT,"b'Disclosure of personal information In certain circumstances we may provide your Personal Information to third parties without further notice to you, unless required by the law vendors and Service Providers: To assist us in meeting business operations needs and to perform certain services and functions, we may provide Personal Information to vendors and service providers, including providers of hosting services, customer service vendors, cloud services, email communication software, web analytics services, and other information technology providers, among others.'","b'If you have reason to believe that a child under the age of 13 has provided Personal Information to OpenAI through the Service, please email us at legal@openai.com.'",0
10,5_ChatGPT,"b'Commercial Information, such as your transaction history We may disclose this information to our affiliates, vendors and service providers to process in accordance with our instructions; to law enforcement and other third parties for the legal reasons described above; to parties involved in Transactions; and to corporate administrators of enterprise or team accounts.'","b'Disclosure of personal information In certain circumstances we may provide your Personal Information to third parties without further notice to you, unless required by the law vendors and Service Providers: To assist us in meeting business operations needs and to perform certain services and functions, we may provide Personal Information to vendors and service providers, including providers of hosting services, customer service vendors, cloud services, email communication software, web analytics services, and other information technology providers, among others.'",0
11,147_Taimi - LGBTQ+ Dating & Chat,"b'We do not exchange your personal data for monetary consideration with third parties, so no opt-out choice is necessary for that.'",b'You give us consent to process your approx geolocation data when you allow through your mapping phone service as Google Maps to access your location while you are using our App.',0
21,111_Pandora - Music & Podcasts,b'Sirius XM does not sell personal data to third parties for monetary compensation.',"b'We, our service providers, or third parties with whom we have a business relationship may automatically collect and store certain data about your device when you visit or interact with the Services (""Device Data"").||Enabled Radios may transmit Device Data and your listening history or preferences to us, our service providers, and the automotive manufacturer when you use the Services.'",2
22,111_Pandora - Music & Podcasts,"b""If you choose to enter a Promotion, personal data may be disclosed to third parties, to vendors facilitating the implementation of the Promotion, or to the public in connection with the administration of such Promotion, including in connection with winner selection, prize fulfillment, as required by law, or as permitted by the Promotion's terms or official rules.||We may share your personal data with unaffiliated third parties with whom we have a business relationship for ours or for their own business and advertising purposes.||We share your personal data for business purposes with our subsidiaries, third party service providers, vendors and licensors, other Sirius XM users when you provide access to your subscription, and unaffiliated third-party business relationships for business and advertising purposes.""",b'Sirius XM does not sell personal data to third parties for monetary compensation.',2
14,122_Family360 - GPS Live Locator,b"We don't sell or rent your personal information to any third parties for any purpose.","b'If you become aware that a child has provided us with Personal Data, please contact us.'",0
15,44_Second Phone Number - 2Number,"b'If you reasonably believe that we might have any information from or about a child, or a child has directly provided us with personal information via the App without verifiable parental consent, please contact us.'","b'We will not rent or sell your personal data to any third parties, but we may share your information from tools like cookies, log files, and device identifiers and location data, with third-party organizations that provide automatic data processing technologies for the App.'",0
16,150_MICO_ Go Live Streaming & Chat,"b'For example, these third-party services may collect information about your activities on our Platform and notify you your connections on the third-party services about your use of the Platform in accordance with their privacy policies.'","b'We are committed to maintaining your trust and we will not sell your personal information to third parties, we will only share your personal information with your consent or as permitted by law or regulation.'",0
17,150_MICO_ Go Live Streaming & Chat,"b'We are committed to maintaining your trust and we will not sell your personal information to third parties, we will only share your personal information with your consent or as permitted by law or regulation.'",b'We may disclose your personal information to the service providers listed in Section 3 of this Policy to enable the corresponding features and services.',0
18,150_MICO_ Go Live Streaming & Chat,"b'If you choose to log into MICO or share information about your use of MICO with others through third-party service platforms, such as Facebook, Google or X, we may share information about you with those third-party services.'","b'We are committed to maintaining your trust and we will not sell your personal information to third parties, we will only share your personal information with your consent or as permitted by law or regulation.'",0
19,150_MICO_ Go Live Streaming & Chat,"b'We are committed to maintaining your trust and we will not sell your personal information to third parties, we will only share your personal information with your consent or as permitted by law or regulation.'","b'When you create an account, upload content, contact us directly, or otherwise use our Services, you may provide some or all of the following information: In order to protect your safety when you use our Services and to ensure that you get the best experience, we sometimes ask you to provide your phone number or your user account on the third-party platform to verify the authenticity and security of your account.'",0
23,111_Pandora - Music & Podcasts,b'Sirius XM does not sell personal data to third parties for monetary compensation.',"b'We share your personal data for business purposes with our subsidiaries, third party service providers, vendors and licensors, other Sirius XM users when you provide access to your subscription, and unaffiliated third-party business relationships for business and advertising purposes.'",2
77,123_HubbleClub By Hubble Connected,"b""The company may use your personal data for the following purposes: to manage Your Account: Manage your registration as a user of the service.||The Company may collect and store the following types of personal information about a child when submitted by a child with prior parental consent or by the parent or guardian of the child: first and last name||The company may disclose your personal data in the good faith belief that such action is necessary to protect the personal safety of Users of the Service or the public.||The Company may collect and store the following types of personal information about a child when submitted by a child with prior parental consent or by the parent or guardian of the child: date of birth||The company may disclose your personal data in the good faith belief that such action is necessary to comply with a legal obligation.||The Company may collect and store the following types of personal information about a child when submitted by a child with prior parental consent or by the parent or guardian of the child: parent's or guardian's name||The company may disclose your personal data in the good faith belief that such action is necessary to protect and defend the rights or property of the company.||The Company may collect and store the following types of personal information about a child when submitted by a child with prior parental consent or by the parent or guardian of the child: telephone number.||We may share your personal information in the following situations: with business partners:We may share your information with our business partners to offer you certain products, services, or promotions.||We may share your personal information in the following situations: for business transfers:We may share or transfer your personal information in connection with, or during negotiations of, any merger, sale of company assets, financing, or acquisition of all or a portion of Our business to another company.||The Company may collect and store the following types of personal information about a child when submitted by a child with prior parental consent or by the parent or guardian of the child: email address.||The company may use your personal data for the following purposes: to provide and maintain our Service: Including monitoring the usage of our service.||The Company may collect and store the following types of personal information about a child when submitted by a child with prior parental consent or by the parent or guardian of the child: gender||The Company may collect and store the following types of personal information about a child when submitted by a child with prior parental consent or by the parent or guardian of the child: audio Messages||We may share your personal information in the following situations: with Service Providers:We may share your personal information with service providers to monitor and analyze the use of our service like IT and hosting providers, for payment processing.||We may disclose/share, or may have disclosed/shared in the last twelve months your personal information identified in the above categories with the following categories of third parties: third party vendors to whom you or your agents authorize us to disclose your personal information in connection with products or services we provide to you.||We may share your personal information in the following situations: with Affiliates:We may share your information with our affiliates, in which case we will require those affiliates to honor this privacy policy.||The Company may collect and store the following types of personal information about a child when submitted by a child with prior parental consent or by the parent or guardian of the child: parent's or guardian's email address||The company may disclose your personal data in the good faith belief that such action is necessary to prevent or investigate possible wrongdoing in connection with the service.||The company may disclose your personal data in the good faith belief that such action is necessary to protect against legal liability.""",b'Please be assured that we will not transfer your registration information to third parties for commercial purposes.',2
79,123_HubbleClub By Hubble Connected,b'Please be assured that we will not transfer your registration information to third parties for commercial purposes.',b'The Company may collect and store the following types of personal information about a child when submitted by a child with prior parental consent or by the parent or guardian of the child: email address.',1
80,123_HubbleClub By Hubble Connected,b'Please be assured that we will not transfer your registration information to third parties for commercial purposes.',b'The Company may collect and store the following types of personal information about a child when submitted by a child with prior parental consent or by the parent or guardian of the child: telephone number.',1
24,111_Pandora - Music & Podcasts,b'Sirius XM does not sell personal data to third parties for monetary compensation.',"b'When you interact with these third party platforms through the Services, we will receive your personal data from the third party platform service and you agree to share data, which may be personal, about your interactions with the Service with that social media service.'",0
25,111_Pandora - Music & Podcasts,b'Sirius XM does not sell personal data to third parties for monetary compensation.',"b'These services may also collect information about the use of other websites, apps, and online services.'",0
26,111_Pandora - Music & Podcasts,"b'If you are logged out or do not have an account and visit a page with a social plug-in, your browser sends a more limited set of data, such as the webpage you are visiting, the date and time of your visit, and other browser-related information.'",b'Sirius XM does not sell personal data to third parties for monetary compensation.',0
27,111_Pandora - Music & Podcasts,b'Sirius XM does not sell personal data to third parties for monetary compensation.',"b'We may use and share any non-personal data with third parties for any purpose in our discretion and as permitted by law, including for advertising, research and marketing purposes.'",0
28,"130_Mirror_ Emoji maker, Stickers","b'We collect information when you visit or use third -party websites and apps that use or integrate with our Services (like when they integrate with our App to allow you to share emoji, photos or videos on their platform).'",b'We do not sell your personal information to third parties for monetary or other valuable consideration.',0
29,"130_Mirror_ Emoji maker, Stickers","b'If you learn that a child has provided us with personal information without verifiable parental consent, we will take steps to delete the information and terminate their account if any.||If you become aware that a child has provided us with personal information without parental consent, please contact us by email at mail@mirror-ai.com.'",b'We do not sell your personal information to third parties for monetary or other valuable consideration.',0
12,147_Taimi - LGBTQ+ Dating & Chat,"b'Taimi does not process payment card information directly; however, our third-party payment processors may provide certain information to us (e.g., your name, address, partial payment card number, and e-mail address).'","b'We do not exchange your personal data for monetary consideration with third parties, so no opt-out choice is necessary for that.'",1
13,147_Taimi - LGBTQ+ Dating & Chat,"b'Taimi does not sell personal information for monetary consideration; however, we may share certain personal information with third parties under circumstances which might be deemed a ""sale"" or ""share"" under CPPA for ""interest-based advertising"" or ""cross-context behavioral advertising.||Please note that Taimi may stop to share your personal information only with third parties, Hilly may continue to share your personal information with service providers and contractors to provide you Service.'","b'We do not exchange your personal data for monetary consideration with third parties, so no opt-out choice is necessary for that.'",1
32,"21_Canva_ Design, Art & AI Editor",b"Summary: We might share some information about you with our business partners and third-party service providers in order to provide the Service to you or to fulfill Canva's legitimate business interests.",b'Canva for Education: We do not sell or share personal information of students using Canva for Education.',0
33,"21_Canva_ Design, Art & AI Editor",b'Canva for Education: We do not sell or share personal information of students using Canva for Education.',"b'Summary: Where you use a work or managed email to set up an account, we might share information about the account with your employer or organization associated with the email address they manage and we might transfer control of the account to them.'",0
73,153_Meet Mobile_ Swim,b'We do not sell your personal information to third parties for monetary compensation.||You may request that we do not sell personal information about you to third parties.',"b'You can find additional information about how those third parties use personal information in the applicable third party privacy notice.||For each category of personal information we collect, we may disclose such information in the manner and for the purposes described below with other third parties to whom you direct us to disclose your personal information.||If you are a California resident, you may also request that we disclose to you, the categories of personal information about you that we shared or sold and the categories of third parties with whom we shared or to whom we sold the personal information about you;||To the extent that we disclose your personal information to third parties for cross-context behavioral advertising, we will implement features within the Sites, Apps, and Solutions that enable you to see a list of the entities with which the personal information is disclosed and which enable you to express your preferences.||To this end when we transfer your personal information outside ACTIVE or to third parties who help provide our Sites, Apps, or Solutions, we obtain contractual commitments from them and enter into standard contractual clauses where applicable to protect your personal information; and||We disclose the following categories of personal information for business or commercial purposes to the categories of recipients listed below: we disclose Basic Identifying Information with: Event Organizers, service providers, third party partners, and other third parties||For more information on how your information is shared, please see the ""How We Share Personal Information for Our Business Purposes"" and ""How We Share Personal Information with Third Party Partners for Their Own Business Purposes"" sections, which provides more detail.'",1
35,31_Booksy Biz_ For Businesses,b'We do not share your personal information with third parties other than as described above and as follows we do not sell your personal information to third parties.',"b'We do not share your personal information with third parties other than as described above and as follows we share personal information with third parties who provide services to us, such as data collection, reporting, ad response measurement, and site analytics, as well as assistance with delivery of relevant marketing messages and advertisements.'",0
36,31_Booksy Biz_ For Businesses,b'Booksy may share your telephone number with its authorized service providers as stated in our Privacy Policy.',b'We do not share your personal information with third parties other than as described above and as follows we do not sell your personal information to third parties.',0
37,31_Booksy Biz_ For Businesses,"b'This privacy policy (this ""Policy"") explains how personal information is collected, used, and disclosed by Booksy Inc, 515 North State Street, Suite 460, Chicago, IL 60654 and all its designated agents, employees and subsidiaries (""Booksy"" or ""we"").'",b'We do not share your personal information with third parties other than as described above and as follows we do not sell your personal information to third parties.',0
38,31_Booksy Biz_ For Businesses,"b'In order to use the Payment Services, Customers must provide account information for at least one valid debit or credit card through the Booksy Application.'",b'We do not share your personal information with third parties other than as described above and as follows we do not sell your personal information to third parties.',0
39,31_Booksy Biz_ For Businesses,b'We do not share your personal information with third parties other than as described above and as follows we do not sell your personal information to third parties.',"b'We may share personal information with affiliates, third-party vendors, consultants, and other service providers who work for us.'",0
40,31_Booksy Biz_ For Businesses,b'We do not share your personal information with third parties other than as described above and as follows we do not sell your personal information to third parties.',"b'We do not share your personal information with third parties other than as described above and as follows we may share your credit or debit card account information with third parties as described in the section called ""Payment Card Information"" above.||These third parties may also store your credit or debit card information, other than your CW number, for your future use on our Sites.'",0
41,31_Booksy Biz_ For Businesses,b'We do not share your personal information with third parties other than as described above and as follows we do not sell your personal information to third parties.',b'We do not share your personal information with third parties other than as described above and as follows we may also share aggregated or de-identified information with third parties in our discretion.',0
74,153_Meet Mobile_ Swim,b'We disclose the following categories of personal information for business or commercial purposes to the categories of recipients listed below: we disclose Payment Information with: service providers who enable the processing of payments and third party partners such as the applicable card schemes.',b'We do not sell your personal information to third parties for monetary compensation.||You may request that we do not sell personal information about you to third parties.',1
75,153_Meet Mobile_ Swim,"b'We disclose the following categories of personal information for business or commercial purposes to the categories of recipients listed below: we disclose Geolocation Data with: Event Organizers, service providers, third party partners, and other third parties'",b'We do not sell your personal information to third parties for monetary compensation.||You may request that we do not sell personal information about you to third parties.',1
44,"36_WEBTOON_ Manga, Comics, Manhwa","b'Categories of Third Parties with Whom Personal Information is Disclosed: In the preceding 12 months, we have disclosed your personal information with the following categories of third parties: Professional services organizations, such as auditors and law firms;'",b'We do not share personal information with third parties for their own direct marketing purposes.',0
45,"36_WEBTOON_ Manga, Comics, Manhwa","b'Categories of Third Parties with Whom Personal Information is Disclosed: In the preceding 12 months, we have disclosed your personal information with the following categories of third parties: Payment partners;'",b'We do not share personal information with third parties for their own direct marketing purposes.',0
46,"36_WEBTOON_ Manga, Comics, Manhwa","b'In addition to the disclosures described in this Privacy Policy, we may share information about you with third parties when you separately consent to or request such sharing.'",b'We do not share personal information with third parties for their own direct marketing purposes.',0
47,"36_WEBTOON_ Manga, Comics, Manhwa",b'We do not share personal information with third parties for their own direct marketing purposes.',"b'We may also disclose your personal information with the following categories of third parties: Government entities, including law enforcement as required by law.'",0
48,"36_WEBTOON_ Manga, Comics, Manhwa",b'We do not share personal information with third parties for their own direct marketing purposes.',b'We may share your personal information with our subsidiaries for the purposes described in this Privacy Policy.',0
49,137_Microsoft Word_ Edit Documents,"b""We do not use or disclose your sensitive data for purposes other than the following: for short-term transient use (including non-personalized advertising), so long as the personal data is not disclosed to a third party, is not used for profiling, and is not used to alter an individual's experience outside the current interaction with Microsoft""","b'For example, we share your content with third parties when you tell us to do so, such as when you send an email to a friend, share photos and documents on OneDrive, or link accounts with another service.'",0
50,137_Microsoft Word_ Edit Documents,"b""We do not use or disclose your sensitive data for purposes other than the following: for short-term transient use (including non-personalized advertising), so long as the personal data is not disclosed to a third party, is not used for profiling, and is not used to alter an individual's experience outside the current interaction with Microsoft""","b'In addition, we share personal data among Microsoft-controlled affiliates and subsidiaries.'",0
51,137_Microsoft Word_ Edit Documents,"b""We do not use or disclose your sensitive data for purposes other than the following: for short-term transient use (including non-personalized advertising), so long as the personal data is not disclosed to a third party, is not used for profiling, and is not used to alter an individual's experience outside the current interaction with Microsoft""","b'Microsoft apps use additional identifiers, such as the advertising ID in Windows, for similar purposes, and many of our websites and applications also contain web beacons or other similar technologies, as described below.||Microsoft apps use additional identifiers, such as the advertising ID in Windows described in the Advertising ID section of this privacy statement, for similar purposes.||The Microsoft server uses this identifier to return a unique DRM update for your device, which will then be installed by Silverlight.'",0
52,137_Microsoft Word_ Edit Documents,"b""We do not use or disclose your sensitive data for purposes other than the following: for short-term transient use (including non-personalized advertising), so long as the personal data is not disclosed to a third party, is not used for profiling, and is not used to alter an individual's experience outside the current interaction with Microsoft""","b'As part of providing these features, Microsoft collects performance usage and device data, including information about the hardware capabilities of your mobile and Windows devices.||When you visit a website or use an app that wants to show you ads, the digital property may allow Microsoft to access or receive device data or certain other data identified in the Personal data we collect section above.'",0
53,137_Microsoft Word_ Edit Documents,"b""We do not use or disclose your sensitive data for purposes other than the following: for short-term transient use (including non-personalized advertising), so long as the personal data is not disclosed to a third party, is not used for profiling, and is not used to alter an individual's experience outside the current interaction with Microsoft""","b'If you are logged in with your Microsoft account and have consented to allow Microsoft Edge to use your online activity for personalized advertising, you will see ads for products and services based on your online activity while using Microsoft Edge.||As part of providing these features, Microsoft collects data about the usage of the features as well as information about your communications, including the time and date of the communication and users that are part of the communication.'",0
54,137_Microsoft Word_ Edit Documents,"b""We do not use or disclose your sensitive data for purposes other than the following: for short-term transient use (including non-personalized advertising), so long as the personal data is not disclosed to a third party, is not used for profiling, and is not used to alter an individual's experience outside the current interaction with Microsoft""",b'Microsoft Store uses the region configured on your device to show relevant and eligible content and merchandising.',0
55,137_Microsoft Word_ Edit Documents,"b""We do not use or disclose your sensitive data for purposes other than the following: for short-term transient use (including non-personalized advertising), so long as the personal data is not disclosed to a third party, is not used for profiling, and is not used to alter an individual's experience outside the current interaction with Microsoft""",b'Microsoft Edge and Internet Explorer use your search queries and browsing history to provide you with faster browsing and more relevant search results.',0
56,137_Microsoft Word_ Edit Documents,"b""We do not use or disclose your sensitive data for purposes other than the following: for short-term transient use (including non-personalized advertising), so long as the personal data is not disclosed to a third party, is not used for profiling, and is not used to alter an individual's experience outside the current interaction with Microsoft""",b'Microsoft will not share your confidential information or contact information with the authorized partner unless we have sufficient rights to do so.',0
57,137_Microsoft Word_ Edit Documents,"b""We do not use or disclose your sensitive data for purposes other than the following: for short-term transient use (including non-personalized advertising), so long as the personal data is not disclosed to a third party, is not used for profiling, and is not used to alter an individual's experience outside the current interaction with Microsoft""","b'In addition, we share personal data among Microsoft-controlled affiliates and subsidiaries.||When you visit a website or use an app that wants to show you ads, the digital property may allow Microsoft to access or receive device data or certain other data identified in the Personal data we collect section above.'",0
58,137_Microsoft Word_ Edit Documents,"b""We do not use or disclose your sensitive data for purposes other than the following: for short-term transient use (including non-personalized advertising), so long as the personal data is not disclosed to a third party, is not used for profiling, and is not used to alter an individual's experience outside the current interaction with Microsoft""","b'When you create a SwiftKey Account, Microsoft will also collect your email address and basic demographic data.'",0
59,137_Microsoft Word_ Edit Documents,"b""We do not use or disclose your sensitive data for purposes other than the following: for short-term transient use (including non-personalized advertising), so long as the personal data is not disclosed to a third party, is not used for profiling, and is not used to alter an individual's experience outside the current interaction with Microsoft""","b'When you choose to get an image description by pressing Narrator, Ctrl, D, the image will be sent to Microsoft to perform analysis of the image and generate a description.||And, if you use Bing image-enabled services, the image you provide will be sent to Microsoft.'",0
60,137_Microsoft Word_ Edit Documents,"b""We do not use or disclose your sensitive data for purposes other than the following: for short-term transient use (including non-personalized advertising), so long as the personal data is not disclosed to a third party, is not used for profiling, and is not used to alter an individual's experience outside the current interaction with Microsoft""","b'When you provide payment data to make a purchase, we will share payment data with banks and other entities that process payment transactions or provide other financial services, and for fraud prevention and credit risk reduction.'",0
61,137_Microsoft Word_ Edit Documents,"b""We also share personal data with vendors or agents working on our behalf for the purposes described in this statement.||Microsoft processes your personal data to provide the product to your organization and you, and in some cases for Microsoft's business operations related to providing the product as described in the Enterprise and developer products section.||For example, third party applications or extensions that run on Windows or Edge browser may collect personal data based on their own practices.||As indicated in the Reasons we share personal data section, we share personal data with third parties for various business and commercial purposes.""","b""We do not use or disclose your sensitive data for purposes other than the following: for short-term transient use (including non-personalized advertising), so long as the personal data is not disclosed to a third party, is not used for profiling, and is not used to alter an individual's experience outside the current interaction with Microsoft""",0
62,137_Microsoft Word_ Edit Documents,"b""We do not use or disclose your sensitive data for purposes other than the following: for short-term transient use (including non-personalized advertising), so long as the personal data is not disclosed to a third party, is not used for profiling, and is not used to alter an individual's experience outside the current interaction with Microsoft""",b'Your text and the translation are not stored by our service.',0
63,137_Microsoft Word_ Edit Documents,"b""We do not use or disclose your sensitive data for purposes other than the following: for short-term transient use (including non-personalized advertising), so long as the personal data is not disclosed to a third party, is not used for profiling, and is not used to alter an individual's experience outside the current interaction with Microsoft""","b'When the Maps app has access to your location, even when the app is not in use, Microsoft may collect de-identified location data from your device to improve Microsoft services.'",0
64,137_Microsoft Word_ Edit Documents,"b""We do not use or disclose your sensitive data for purposes other than the following: for short-term transient use (including non-personalized advertising), so long as the personal data is not disclosed to a third party, is not used for profiling, and is not used to alter an individual's experience outside the current interaction with Microsoft""","b'When you share content to a social network like Facebook from a device that you have synced with your OneDrive account, your content is either uploaded to that social network, or a link to that content is posted to that social network.'",0
65,137_Microsoft Word_ Edit Documents,"b""We do not use or disclose your sensitive data for purposes other than the following: for short-term transient use (including non-personalized advertising), so long as the personal data is not disclosed to a third party, is not used for profiling, and is not used to alter an individual's experience outside the current interaction with Microsoft""",b'We share some de-identified data (data where the identity of a specific person is not known) from Bing and Bing-powered experiences with selected third parties.',0
66,137_Microsoft Word_ Edit Documents,"b""We do not use or disclose your sensitive data for purposes other than the following: for short-term transient use (including non-personalized advertising), so long as the personal data is not disclosed to a third party, is not used for profiling, and is not used to alter an individual's experience outside the current interaction with Microsoft""","b'Whenever you use a web browser to access the internet, data about your device (""standard device data"") is sent to the websites you visit and online services you use.'",0
67,137_Microsoft Word_ Edit Documents,"b""We do not use or disclose your sensitive data for purposes other than the following: for short-term transient use (including non-personalized advertising), so long as the personal data is not disclosed to a third party, is not used for profiling, and is not used to alter an individual's experience outside the current interaction with Microsoft""","b'If you sign into a service offered by a third party with your Microsoft account, you will share with that third party the account data required by that service.'",0
68,137_Microsoft Word_ Edit Documents,"b""We do not use or disclose your sensitive data for purposes other than the following: for short-term transient use (including non-personalized advertising), so long as the personal data is not disclosed to a third party, is not used for profiling, and is not used to alter an individual's experience outside the current interaction with Microsoft""",b'Microsoft Store uses your device identifier to manage product rights tied to a specific device.',0
69,137_Microsoft Word_ Edit Documents,"b""We do not use or disclose your sensitive data for purposes other than the following: for short-term transient use (including non-personalized advertising), so long as the personal data is not disclosed to a third party, is not used for profiling, and is not used to alter an individual's experience outside the current interaction with Microsoft""","b'Microsoft collects data from you, through our interactions with you and through our products for a variety of purposes described below, including to operate effectively and provide you with the best experiences with our products.||Microsoft collects data from you, through our interactions with you and through our products.'",0
70,137_Microsoft Word_ Edit Documents,"b""We do not use or disclose your sensitive data for purposes other than the following: for short-term transient use (including non-personalized advertising), so long as the personal data is not disclosed to a third party, is not used for profiling, and is not used to alter an individual's experience outside the current interaction with Microsoft""","b'With your consent, you can share your location with friends and family.'",0
82,162_Mobile Passport by Airside,"b""We may need to share your personal information as follows with other companies in Airside's group of companies who help us to provide our services (for example, by providing ancillary engineering, technical or customer support).||However, we will only share information about your verified identity (or personal information you have given to us about someone traveling with you) with one of our partners at your request, and we will always tell you what information will be shared.||If you are in the EEA/UK and we need to share your personal information with a third party who will process it in a country outside the EEA/UK which the European Commission has not said provides an adequate level of data protection, we will protect your information by requiring the third party to enter into the European Commission approved Standard Contractual Clauses (and/or their UK and Switzerland equivalents) where legally possible.||If you ask us to share your personal information with a partner, we will do so on the basis that this processing is necessary in order for us to perform our obligations under the contract in place between you and Airside.""","b'We do not sell, lease, trade, or otherwise profit from your personal information and we do not share your personal information with third parties for marketing purposes.||Please be mindful that if you ask us to share your personal information with a partner, Airside cannot control how that partner will use your information, so before you ask us to share your information, you should review their privacy policy to ensure you understand what will happen to your information after we have shared it.||Please be mindful that if you ask us to share personal information with a third-party partner, Airside cannot control how that partner will use this information.'",1
72,82_Headspace_ Meditation & Sleep,b'Headspace does not disclose personal information to third parties for their own direct marketing purposes.',"b'If you are a parent or guardian and you are aware that a child under age 13 has provided us with their personal information without parental consent, please contact us at help@headspace.com'",0
96,164_i-Boating_Marine Navigation,b'Analytics companies may access anonymous data (such as your IP address or device ID) to help us understand how our services are used.',"b'We generally do not share personally identifiable information (such as name, address, email or phone) with other companies for marketing purposes.'",1
34,169_AI Video Editor - Vidma AI Cut,b'We do not sell personal information to third parties for purposes of the CCPA.',"b'We may permit third parties to collect personal information through our Services and share each of the categories of personal information described above with third parties for business purposes.||Whenever we transfer your personal data to third parties located in other countries, we will ensure that these companies comply with applicable data protection laws and we will take all measures that are reasonably necessary to ensure the existence of adequate safeguards to protect your personal data and to ensure that are processed safely.'",1
98,170_Screen Mirroring - Cast to TV,"b'In this case, your personal information will be shared with these agents or contractors but only for the purpose of performing services on behalf and under instructions of Us and in accordance with this privacy policy.||TV or streaming service providers: We may share personal information with TV or streaming service providers like Google, Samsung or LG to enable video casting on third party devices like TVs or streaming players.||Please note that we have no influence on how your personal information is collected or used by third-party services like Twitter, Facebook, Instagram, Youtube, when you use them to interact with us.||Personal information may be stored by these providers for fulfilling the service, for example your email address may be stored by our email provider.'",b'We do not sell personal information about our customers.',2
76,153_Meet Mobile_ Swim,"b'This Notice does not describe how our clients may use your personal information when they act as a data controller with respect to such personal information, and Active will redirect any inquiries that you make about client processing activities to the appropriate client.'",b'We do not sell your personal information to third parties for monetary compensation.||You may request that we do not sell personal information about you to third parties.',0
100,170_Screen Mirroring - Cast to TV,"b'TV or streaming service providers: We may share personal information with TV or streaming service providers like Google, Samsung or LG to enable video casting on third party devices like TVs or streaming players.'",b'We do not sell personal information about our customers.',2
78,123_HubbleClub By Hubble Connected,b'Please be assured that we will not transfer your registration information to third parties for commercial purposes.',b'The Company may collect and store the following types of personal information about a child when submitted by a child with prior parental consent or by the parent or guardian of the child: date of birth',0
84,33_Switch Natural,"b'Under no circumstances will we sell or rent your personal information to third parties, for their marketing purposes, or for any or other purposes.'","b'Your personal data and the personal data of others that you provide us with, will not be sold, rented, or disclosed to third parties for other commercial reasons, such as for marketing purposes.'",2
85,33_Switch Natural,b'The auditors may use any personal data for secondary purposes.',"b'Your personal data and the personal data of others that you provide us with, will not be sold, rented, or disclosed to third parties for other commercial reasons, such as for marketing purposes.'",2
81,123_HubbleClub By Hubble Connected,"b""It's used by adults to verify that you are an adult and manage what personal information your child can share online.||If you have reason to believe that a child under the age of 16 has provided us with personal data, please contact us with sufficient detail to enable us to delete that information.""",b'Please be assured that we will not transfer your registration information to third parties for commercial purposes.',0
42,"36_WEBTOON_ Manga, Comics, Manhwa",b'We do not share personal information with third parties for their own direct marketing purposes.',"b'We may also disclose your personal information with the following categories of third parties: A third party as part of an actual or planned merger or transfer, acquisition or sale, or in the event of a bankruptcy;||Categories of Third Parties with Whom Personal Information is Disclosed: In the preceding 12 months, we have disclosed your personal information with the following categories of third parties: Vendors who provide services on our behalf;||Subject to applicable exceptions, you may have the right to request that we disclose personal information that we have collected, sold, or shared about you in the past 12 months, including: o the categories and specific pieces of personal information we have collected about you; o the categories of sources from which we collected the personal information; o the categories of personal information about you that we sold or disclosed for a business purpose, and the categories of third parties to whom we sold or disclosed that information for a business purpose; and o the business or commercial purpose for which we collected or sold the personal information.||We disclose or share personal information about you through the Services as described in the following:||We disclose or share personal information about you through the Services as described in the following: Publicly Available Information.'",2
83,162_Mobile Passport by Airside,"b'If you choose to use the App to verify your identity, we will share information about you with service providers who help us conduct various checks to ensure that your identity document is genuine, and to confirm that it belongs to you.'","b'We do not sell, lease, trade, or otherwise profit from your personal information and we do not share your personal information with third parties for marketing purposes.||Please be mindful that if you ask us to share your personal information with a partner, Airside cannot control how that partner will use your information, so before you ask us to share your information, you should review their privacy policy to ensure you understand what will happen to your information after we have shared it.||Please be mindful that if you ask us to share personal information with a third-party partner, Airside cannot control how that partner will use this information.'",0
43,"36_WEBTOON_ Manga, Comics, Manhwa","b'Categories of Third Parties with Whom Personal Information is Disclosed: In the preceding 12 months, we have disclosed your personal information with the following categories of third parties: Ad networks, marketing partners, analytics providers;'",b'We do not share personal information with third parties for their own direct marketing purposes.',2
30,39_Alpha Manga_ Read Isekai Manga,"b'As a California resident, in addition to the choices described above in Section 6 (""Your Choices""), you have the following rights: you may request that we not sell or share your Personal Information to/with third parties.'","b'We ""sell"" Personal Information to third-party services for interest-based advertising and analytics, and these third-party services may use or disclose some of your Personal Information for their benefit.'",2
86,126_ZedgeWallpapers,b'We do not sell the personal information of individuals we know are less than 16 years of age.',"b'Zedge may disclose your personal information to public authorities and other third parties like lawyers, consultants, or IT forensic specialists when obligated or permitted to do so by law, applicable regulations, governmental and quasi-governmental requests, court orders or subpoenas, and to protect our rights, investigate, prevent, or take action regarding suspected, or actual prohibited activities, including but not limited to fraud and situations involving potential threats to the physical safety of any person.||To the extent permitted by applicable law, we may share your personal information with the following third parties for the purposes listed in this Privacy Policy: our professional advisors.||To the extent permitted by applicable law, we may share your personal information with the following third parties for the purposes listed in this Privacy Policy: trusted third-party service providers.||To the extent permitted by applicable law, we may share your personal information with the following third parties for the purposes listed in this Privacy Policy: another legal entity.||To the extent permitted by applicable law, we may share your personal information with the following third parties for the purposes listed in this Privacy Policy: a successor organisation or other legal entity.||We do not allow our third-party service providers to use your personal information for their own purposes and only permit them to process your personal information for specified purposes and in accordance with our instructions.||To the extent permitted by applicable law, we may share your personal information with the following third parties for the purposes listed in this Privacy Policy: our affiliated companies and offices.'",0
87,126_ZedgeWallpapers,"b""During the past 12 months we disclosed identifiers, electronic network activity, geolocation, and inferences from such collected information with third parties such as advertising and analytics providers and those third parties listed in section 9 (TRANSFERS OF PERSONAL INFORMATION) above, for a business purpose which falls within the definition of a 'sale'.""",b'We do not sell the personal information of individuals we know are less than 16 years of age.',0
88,126_ZedgeWallpapers,b'We do not sell the personal information of individuals we know are less than 16 years of age.',"b'Zedge may disclose your personal information to public authorities and other third parties like lawyers, consultants, or IT forensic specialists when obligated or permitted to do so by law, applicable regulations, governmental and quasi-governmental requests, court orders or subpoenas, and to protect our rights, investigate, prevent, or take action regarding suspected, or actual prohibited activities, including but not limited to fraud and situations involving potential threats to the physical safety of any person.'",0
31,39_Alpha Manga_ Read Isekai Manga,"b'As a California resident, in addition to the choices described above in Section 6 (""Your Choices""), you have the following rights: you may request that we not sell or share your Personal Information to/with third parties.'","b'When you use our Services, we and our third-party partners collect information about you and your mobile devices through cookies and similar technologies advertising Identifiers:||When you use our Services, we and our third-party partners collect information about you and your mobile devices through cookies and similar technologies internet Log Files:||When you use our Services, we and our third-party partners collect information about you and your mobile devices through cookies and similar technologies we use internet log files, which contain data such as your IP address, in order to monitor traffic on our Services, resolve technical problems with the Services, detect and prevent fraud, and other similar purposes.||When you use our Services, we and our third-party partners collect information about you and your mobile devices through cookies and similar technologies||When you use our Services, we and our third-party partners collect information about you and your mobile devices through cookies and similar technologies our third-party advertising partners may use advertising identifiers, such as Apple\'s Identifier for Advertising (""IDFA"") and Google\'s Advertising Identifier (""AID""), which, similar to cookies, allow our third-party advertising partners to recognize your device when you interact with our Services and to provide you with advertisements that match your interests.||When you use our Services, we and our third-party partners collect information about you and your mobile devices through cookies and similar technologies cookies:'",2
90,113_Napster Music,"b'If your profile is public, third parties may access information about you that is contained on your public profile through the Napster API, including your connections within the Services, and other information about how you use the Services.||Napster may share relevant information about you with certain third parties such as our partners.'","b'Please read the following information, if applicable to the Relevant Territory in which you live: pursuant to California law, you may opt out of the use of your personal information for marketing purposes by updating your cookie settings at website_url_lnk Napster does not sell your personal information to third parties.'",0
91,113_Napster Music,"b'If your profile is public, third parties may access information about you that is contained on your public profile through the Napster API, including your connections within the Services, and other information about how you use the Services.'","b'Please read the following information, if applicable to the Relevant Territory in which you live: pursuant to California law, you may opt out of the use of your personal information for marketing purposes by updating your cookie settings at website_url_lnk Napster does not sell your personal information to third parties.'",0
8,5_ChatGPT,"b'Disclosure of personal information In certain circumstances we may provide your Personal Information to third parties without further notice to you, unless required by the law vendors and Service Providers: To assist us in meeting business operations needs and to perform certain services and functions, we may provide Personal Information to vendors and service providers, including providers of hosting services, customer service vendors, cloud services, email communication software, web analytics services, and other information technology providers, among others.'","b'Identifiers, such as your name, contact details, IP address, and other device identifiers We may disclose this information to our affiliates, vendors and service providers to process in accordance with our instructions; to law enforcement and other third parties for the legal reasons described above; to parties involved in Transactions; to corporate administrators of enterprise or team accounts; and to other users and third parties you choose to share it with.'",1
93,69_LogicLike_ Kids learning games,"b'We do not sell your personal data to Third Parties, \xd0\xbeur Partner Organizations or Service Providers.'","b'We may also disclose personal data to our advisers, consultants, law enforcement and other public authorities (such as tax and social security bodies), the police, prosecutors, courts and tribunals.'",0
94,69_LogicLike_ Kids learning games,"b'We do not sell your personal data to Third Parties, \xd0\xbeur Partner Organizations or Service Providers.'","b'We may disclose information about you to organizations that provide a service to us, ensuring that they are contractually obligated to keep your personal data confidential and will comply with the GDPR and other relevant data protection laws.'",0
95,69_LogicLike_ Kids learning games,"b'If you become aware that your child has provided us with personal information without your consent, please contact us at office@logiclike.com.'","b'We do not sell your personal data to Third Parties, \xd0\xbeur Partner Organizations or Service Providers.'",0
92,69_LogicLike_ Kids learning games,"b'We do not sell your personal data to Third Parties, \xd0\xbeur Partner Organizations or Service Providers.'",b'We share personal data with external vendors or service providers or suppliers that we engage to perform services or functions on our behalf and under our instructions.',1
97,170_Screen Mirroring - Cast to TV,"b'In this case, your personal information will be shared with these agents or contractors but only for the purpose of performing services on behalf and under instructions of Us and in accordance with this privacy policy.||TV or streaming service providers: We may share personal information with TV or streaming service providers like Google, Samsung or LG to enable video casting on third party devices like TVs or streaming players.||Please note that we have no influence on how your personal information is collected or used by third-party services like Twitter, Facebook, Instagram, Youtube, when you use them to interact with us.||Personal information may be stored by these providers for fulfilling the service, for example your email address may be stored by our email provider.'","b'Usernames, logins and passwords you use to access websites, accounts and services inside of the App are never accessed by Us or any other third party related with us.'",0
89,77_Pick Up Limes,"b'The analytics are build on top of Google Analytics, and the service collects information such as device type, session duration, in-app purchases, and geography.'",b'We will not sell your personal information to third parties.',1
99,170_Screen Mirroring - Cast to TV,"b'TV or streaming service providers: We may share personal information with TV or streaming service providers like Google, Samsung or LG to enable video casting on third party devices like TVs or streaming players.'","b'Usernames, logins and passwords you use to access websites, accounts and services inside of the App are never accessed by Us or any other third party related with us.'",0
71,82_Headspace_ Meditation & Sleep,b'Headspace does not disclose personal information to third parties for their own direct marketing purposes.',"b'In limited cases, we may provide certain personal information to third party businesses with which we have a joint promotional relationship, bundled subscription offer, or other trusted partnership.||For that purpose, we may disclose limited personal information to third parties for our cross-context behavioral and targeted advertising purposes and this activity may fall under broader concepts of ""selling"" and ""sharing"" under the CCPA.||We may disclose your personal information with the following categories of third parties: our service providers.||We strongly suggest you review their privacy policies to understand how your personal information is used and stored by those third parties.||We may disclose your personal information with the following categories of third parties: third party business partners.||We may disclose your personal information to the categories of service providers and third parties identified in Section 3 of this Privacy Policy, and in ways that are described in that section.||In some circumstances we may need to disclose your personal information to a third party so that they can provide a service on our behalf, such as to help deliver Products or Services that you have requested.||We may share your personal information with certain third-party service providers to help make our Platform function.||This may include the following: if you choose to have your account verified to confirm your eligibility for a select subscription offering, we may allow a third party platform to access the specific personal information you provide in order to perform the verification.||You may connect your account through supported integrations with third parties and we will share your personal information with those third parties.||We may disclose your personal information with the following categories of third parties: affiliates and business transfer.'",1
101,42_Sideline_ 2nd Phone Line App,"b'Pinger does not rent, sell, or share any Customer Information except as provided above and unless: you initiate the sharing through the Pinger products, services or website; you have provided your express consent; and in the following circumstances: Pinger may share App Data and certain aggregated, non-personal information with third parties, but such information does not include your name, email address or any other Personal Information.'","b'Pinger does not rent, sell, or share any Customer Information except as provided above and unless: you initiate the sharing through the Pinger products, services or website; you have provided your express consent; and in the following circumstances: Pinger may share your Customer Information with a third party if you have consented to receive information from that third party through Pinger products or services.||Pinger does not rent, sell, or share any Customer Information unless we have your express informed consent and in the following circumstances: Pinger may share Customer Information with a third party if you have consented to receive information from, or share it with, that third party through Pinger products or services.'",0
102,42_Sideline_ 2nd Phone Line App,"b'In order to provide software and services to you, Pinger may share Customer Information with its parent and subsidiary companies within and without the European Union and those parties may process and store Customer Information in any country in the world subject to this Data Protection Policy.'","b'Pinger does not rent, sell, or share any Customer Information except as provided above and unless: you initiate the sharing through the Pinger products, services or website; you have provided your express consent; and in the following circumstances: Pinger may share App Data and certain aggregated, non-personal information with third parties, but such information does not include your name, email address or any other Personal Information.'",0
103,42_Sideline_ 2nd Phone Line App,"b'Pinger does not rent, sell, or share any Customer Information except as provided above and unless: you initiate the sharing through the Pinger products, services or website; you have provided your express consent; and in the following circumstances: Pinger may share App Data and certain aggregated, non-personal information with third parties, but such information does not include your name, email address or any other Personal Information.'","b'We disclose your personal information to Services Providers to provide customer support, to analyze the usage of our Apps and the Site, and to initiate App alerts.'",0
104,42_Sideline_ 2nd Phone Line App,"b'If you provide your phone number as part of a request for information about Pinger products or services or in setting up an account, we may use that phone number and share that phone number with third parties to contact you about Pinger products and services and to provide advertisements to you about Pinger Products and services.'","b'Pinger does not rent, sell, or share any Customer Information except as provided above and unless: you initiate the sharing through the Pinger products, services or website; you have provided your express consent; and in the following circumstances: Pinger may share App Data and certain aggregated, non-personal information with third parties, but such information does not include your name, email address or any other Personal Information.'",0
